source_account,target_account,status
1000,A.A,mapped
1010,A.A,mapped
1020,A.A,mapped
1030,A.A,mapped
1100,A.B,mapped
1150,A.B,mapped
1155,A.B,mapped
1160,A.B,mapped
1200,A.C,mapped
1410,A.C,mapped
1420,A.C,mapped
1450,A.H,mapped
1460,A.B,mapped
1500,A.F,mapped
1510,A.F,mapped
1519,A.F,mapped
1520,A.F,mapped
1525,A.F,mapped
1529,A.F,mapped
1530,A.F,mapped
1539,A.F,mapped
1540,A.F,mapped
1549,A.F,mapped
1550,A.F,mapped
1555,A.F,mapped
1559,A.F,mapped
1560,A.F,mapped
1569,A.F,mapped
1570,A.F,mapped
1579,A.F,mapped
1580,A.F,mapped
1589,A.F,mapped
1590,A.F,mapped
1595,A.F,mapped
1599,A.F,mapped
1600,A.F,mapped
1609,A.F,mapped
1900,A.G,mapped
1910,A.G,mapped
1920,A.G,mapped
1930,A.G,mapped
1950,A.F,mapped
2000,L.A,mapped
2050,L.A,mapped
2055,L.A,mapped
2100,L.D,mapped
2110,L.D,mapped
2120,L.D,mapped
2130,L.D,mapped
2150,L.B,mapped
2160,L.B,mapped
2170,L.F,mapped
2200,L.B,mapped
2210,L.B,mapped
2220,L.B,mapped
2300,L.B,mapped
2400,L.C,mapped
2410,L.F,mapped
2450,L.F,mapped
2460,L.F,mapped
2500,L.D,mapped
2600,L.E,mapped
2610,L.E,mapped
2620,L.E,mapped
2700,L.F,mapped
2800,L.F,mapped
2900,L.B,mapped
3000,E.A,mapped
3100,E.A,mapped
3150,E.A,mapped
3200,E.B,mapped
3300,E.B,mapped
3400,E.D,mapped
3500,E.C,mapped
3510,E.C,mapped
3600,E.B,mapped
3700,E.B,mapped
3710,E.B,mapped
3800,E.C,mapped
4000,R.A,mapped
4010,R.A,mapped
4020,R.A,mapped
4100,R.A,mapped
4500,R.B,mapped
4850,R.B,mapped
4900,R.B,mapped
4950,R.B,mapped
5000,X.A,mapped
5100,X.A,mapped
5110,X.A,mapped
5120,X.A,mapped
5130,X.A,mapped
5140,X.A,mapped
5150,X.A,mapped
5200,X.A,mapped
5210,X.A,mapped
5300,X.A,mapped
5310,X.A,mapped
5400,X.B,mapped
6000,X.D,mapped
6010,X.D,mapped
6100,X.B,mapped
6200,X.B,mapped
6205,X.B,mapped
6300,X.B,mapped
6400,X.B,mapped
6500,X.B,mapped
6600,X.B,mapped
6700,X.B,mapped
6800,X.B,mapped
6850,X.B,mapped
6900,X.B,mapped
6950,X.A,mapped
7100,X.D,mapped
7200,X.B,mapped
7400,X.G,mapped
7500,X.G,mapped
7510,X.G,mapped
7900,X.G,mapped
8000,X.F,mapped
9000,A.X,deprecated
9100,A.X,deprecated
9200,A.A,mapped
9300,A.X,deprecated
100000,A.A,mapped
100010,A.A,mapped
100020,A.A,mapped
100030,A.A,mapped
100040,A.A,mapped
100050,A.A,mapped
100060,A.A,mapped
100070,A.A,mapped
100080,A.A,mapped
100090,A.A,mapped
100100,A.A,mapped
100110,A.A,mapped
100120,A.B,mapped
100130,A.B,mapped
100140,A.B,mapped
100150,A.B,mapped
100160,A.B,mapped
100170,A.B,mapped
100180,A.B,mapped
100190,A.B,mapped
100200,A.B,mapped
100210,A.B,mapped
100220,A.B,mapped
100230,A.B,mapped
100240,A.B,mapped
100250,A.B,mapped
100260,A.B,mapped
100270,A.B,mapped
100280,A.C,mapped
100290,A.C,mapped
100300,A.C,mapped
100310,A.C,mapped
100320,A.C,mapped
100330,A.C,mapped
100340,A.C,mapped
100350,A.C,mapped
100360,A.C,mapped
100370,A.C,mapped
100380,A.C,mapped
100390,A.C,mapped
100400,A.D,mapped
100410,A.D,mapped
100420,A.D,mapped
100430,A.D,mapped
100440,A.D,mapped
100450,A.D,mapped
100460,A.D,mapped
100470,A.D,mapped
100480,A.F,mapped
100490,A.F,mapped
100500,A.F,mapped
100510,A.F,mapped
100520,A.F,mapped
100530,A.F,mapped
100540,A.F,mapped
100550,A.F,mapped
100560,A.F,mapped
100570,A.F,mapped
100580,A.F,mapped
100590,A.F,mapped
100600,A.F,mapped
100610,A.F,mapped
100620,A.F,mapped
100630,A.F,mapped
100640,A.F,mapped
100650,A.F,mapped
100660,A.F,mapped
100670,A.F,mapped
100680,A.F,mapped
100690,A.F,mapped
100700,A.F,mapped
100710,A.F,mapped
100720,A.F,mapped
100730,A.F,mapped
100740,A.F,mapped
100750,A.F,mapped
100760,A.H,mapped
100770,A.H,mapped
100780,A.H,mapped
100790,A.H,mapped
115020,,unmapped
115021,,unmapped
115030,,unmapped
199000,A.X,deprecated
199100,L.B,mapped
199200,A.A,mapped
199300,A.X,deprecated
199999,A.X,deprecated
200000,L.A,mapped
200010,L.A,mapped
200020,L.A,mapped
200030,L.A,mapped
200040,L.A,mapped
200050,L.A,mapped
200060,L.A,mapped
200070,L.A,mapped
200080,L.A,mapped
200090,L.A,mapped
200100,L.A,mapped
200110,L.A,mapped
200120,L.A,mapped
200130,L.A,mapped
200140,L.A,mapped
200150,L.A,mapped
200160,L.A,mapped
200170,L.B,mapped
200180,L.B,mapped
200190,L.B,mapped
200200,L.B,mapped
200210,L.B,mapped
200220,L.B,mapped
200230,L.B,mapped
200240,L.B,mapped
200250,L.B,mapped
200260,L.B,mapped
200270,L.B,mapped
200280,L.B,mapped
200290,L.B,mapped
200300,L.C,mapped
200310,L.C,mapped
200320,L.C,mapped
200330,L.C,mapped
200340,L.C,mapped
200350,L.C,mapped
200360,L.C,mapped
200370,L.C,mapped
200380,L.C,mapped
200390,L.C,mapped
200400,L.E,mapped
200410,L.E,mapped
200420,L.E,mapped
200430,L.E,mapped
200440,L.E,mapped
200450,L.E,mapped
200460,L.E,mapped
200470,L.E,mapped
200480,L.E,mapped
200490,L.E,mapped
200500,L.B,mapped
200510,L.B,mapped
200520,L.B,mapped
200530,L.B,mapped
200540,L.B,mapped
200550,L.B,mapped
200560,L.B,mapped
200570,L.B,mapped
200580,L.B,mapped
200590,L.B,mapped
200600,L.D,mapped
200610,L.D,mapped
200620,L.D,mapped
200630,L.D,mapped
200640,L.D,mapped
200650,L.D,mapped
200660,L.D,mapped
205020,,unmapped
205021,,unmapped
205030,,unmapped
299999,L.F,mapped
300000,E.A,mapped
300010,E.A,mapped
300020,E.A,mapped
300030,E.A,mapped
300040,E.A,mapped
300050,E.A,mapped
300060,E.A,mapped
300070,E.A,mapped
300080,E.B,mapped
300090,E.B,mapped
300100,E.B,mapped
300110,E.B,mapped
300120,E.B,mapped
300130,E.B,mapped
300140,E.B,mapped
300150,E.B,mapped
300160,E.B,mapped
300170,E.B,mapped
300180,E.B,mapped
300190,E.B,mapped
300200,E.A,mapped
300210,E.A,mapped
300220,E.A,mapped
300230,E.A,mapped
300240,E.A,mapped
300250,E.A,mapped
300260,E.A,mapped
300270,E.A,mapped
300280,E.C,mapped
300290,E.C,mapped
300300,E.C,mapped
300310,E.C,mapped
300320,E.C,mapped
300330,E.C,mapped
300340,E.C,mapped
300350,E.C,mapped
300360,E.C,mapped
300370,E.C,mapped
300380,E.C,mapped
300390,E.C,mapped
399999,E.C,mapped
400000,R.A,mapped
400010,R.A,mapped
400020,R.A,mapped
400030,R.A,mapped
400040,R.A,mapped
400050,R.A,mapped
400060,R.A,mapped
400070,R.A,mapped
400080,R.A,mapped
400090,R.A,mapped
400100,R.A,mapped
400110,R.A,mapped
400120,R.A,mapped
400130,R.A,mapped
400140,R.A,mapped
400150,R.A,mapped
400160,R.A,mapped
400170,R.A,mapped
400180,R.A,mapped
400190,R.A,mapped
400200,R.A,mapped
400210,R.A,mapped
400220,R.A,mapped
400230,R.A,mapped
400240,R.A,mapped
400250,R.A,mapped
400260,R.A,mapped
400270,R.A,mapped
400280,R.A,mapped
400290,R.A,mapped
400300,R.A,mapped
400310,R.A,mapped
400320,R.A,mapped
400330,R.A,mapped
400340,R.A,mapped
400350,R.A,mapped
400360,R.A,mapped
400370,R.A,mapped
400380,R.A,mapped
400390,R.A,mapped
400400,R.A,mapped
400410,R.A,mapped
400420,R.A,mapped
400430,R.A,mapped
400440,R.A,mapped
400450,R.A,mapped
400460,R.A,mapped
400470,R.A,mapped
400480,R.A,mapped
400490,R.A,mapped
400500,R.A,mapped
400510,R.A,mapped
400520,R.A,mapped
400530,R.A,mapped
400540,R.A,mapped
400550,R.A,mapped
400560,R.B,mapped
400570,R.B,mapped
400580,R.B,mapped
400590,R.B,mapped
400600,R.B,mapped
400610,R.B,mapped
400620,R.B,mapped
400630,R.B,mapped
400640,R.B,mapped
400650,R.B,mapped
400660,R.B,mapped
400670,R.B,mapped
400680,R.B,mapped
400690,R.B,mapped
400700,R.B,mapped
400710,R.B,mapped
400720,R.B,mapped
400730,R.B,mapped
400740,R.B,mapped
400750,R.B,mapped
400760,R.B,mapped
400770,R.B,mapped
400780,R.B,mapped
400790,R.B,mapped
500000,X.A,mapped
500010,X.A,mapped
500020,X.A,mapped
500030,X.A,mapped
500040,X.A,mapped
500050,X.A,mapped
500060,X.A,mapped
500070,X.A,mapped
500080,X.A,mapped
500090,X.A,mapped
500100,X.A,mapped
500110,X.A,mapped
500120,X.A,mapped
500130,X.A,mapped
500140,X.A,mapped
500150,X.A,mapped
500160,X.A,mapped
500170,X.A,mapped
500180,X.A,mapped
500190,X.A,mapped
500200,X.B,mapped
500210,X.B,mapped
500220,X.B,mapped
500230,X.B,mapped
500240,X.B,mapped
500250,X.B,mapped
500260,X.B,mapped
500270,X.B,mapped
500280,X.B,mapped
500290,X.B,mapped
500300,X.B,mapped
500310,X.B,mapped
500320,X.B,mapped
500330,X.B,mapped
500340,X.B,mapped
500350,X.B,mapped
500360,X.B,mapped
500370,X.B,mapped
500380,X.B,mapped
500390,X.B,mapped
500400,X.B,mapped
500410,X.B,mapped
500420,X.B,mapped
500430,X.B,mapped
500440,X.B,mapped
500450,X.B,mapped
500460,X.B,mapped
500470,X.B,mapped
500480,X.B,mapped
500490,X.B,mapped
500500,X.B,mapped
500510,X.B,mapped
500520,X.B,mapped
500530,X.B,mapped
500540,X.B,mapped
500550,X.B,mapped
500560,X.B,mapped
500570,X.B,mapped
500580,X.B,mapped
500590,X.B,mapped
500600,X.B,mapped
500610,X.B,mapped
500620,X.B,mapped
500630,X.B,mapped
500640,X.B,mapped
500650,X.B,mapped
500660,X.B,mapped
500670,X.B,mapped
500680,X.B,mapped
500690,X.B,mapped
500700,X.B,mapped
500710,X.B,mapped
500720,X.B,mapped
500730,X.B,mapped
500740,X.B,mapped
500750,X.D,mapped
500760,X.D,mapped
500770,X.D,mapped
500780,X.D,mapped
500790,X.D,mapped
500800,X.D,mapped
500810,X.D,mapped
500820,X.D,mapped
500830,X.D,mapped
500840,X.D,mapped
500850,X.E,mapped
500860,X.E,mapped
500870,X.E,mapped
500880,X.E,mapped
500890,X.E,mapped
500900,X.F,mapped
500910,X.F,mapped
500920,X.F,mapped
500930,X.F,mapped
500940,X.F,mapped
500950,X.G,mapped
500960,X.G,mapped
500970,X.G,mapped
500980,X.G,mapped
500990,X.G,mapped
999999,A.X,deprecated
